name,href,role,profile_id
Rohit sharma,https://www.cricbuzz.com/profiles/576/rohit-sharma,captain,576
Chris lynn,https://www.cricbuzz.com/profiles/7752/chris-lynn,playing_11,7752
Suryakumar yadav,https://www.cricbuzz.com/profiles/7915/suryakumar-yadav,playing_11,7915
Ishan kishan,https://www.cricbuzz.com/profiles/10276/ishan-kishan,wicket_keeper,10276
Hardik pandya,https://www.cricbuzz.com/profiles/9647/hardik-pandya,playing_11,9647
Kieron pollard,https://www.cricbuzz.com/profiles/657/kieron-pollard,playing_11,657
Krunal pandya,https://www.cricbuzz.com/profiles/11311/krunal-pandya,playing_11,11311
Rahul chahar,https://www.cricbuzz.com/profiles/12087/rahul-chahar,playing_11,12087
Marco jansen,https://www.cricbuzz.com/profiles/14565/marco-jansen,playing_11,14565
Trent boult,https://www.cricbuzz.com/profiles/8117/trent-boult,playing_11,8117
Jasprit bumrah,https://www.cricbuzz.com/profiles/9311/jasprit-bumrah,playing_11,9311
Virat kohli,https://www.cricbuzz.com/profiles/1413/virat-kohli,captain,1413
Rajat patidar,https://www.cricbuzz.com/profiles/10636/rajat-patidar,playing_11,10636
Ab de villiers,https://www.cricbuzz.com/profiles/370/ab-de-villiers,wicket_keeper,370
Glenn maxwell,https://www.cricbuzz.com/profiles/7662/glenn-maxwell,playing_11,7662
Daniel christian,https://www.cricbuzz.com/profiles/6283/daniel-christian,playing_11,6283
Washington sundar,https://www.cricbuzz.com/profiles/10945/washington-sundar,playing_11,10945
Kyle jamieson,https://www.cricbuzz.com/profiles/9441/kyle-jamieson,playing_11,9441
Harshal patel,https://www.cricbuzz.com/profiles/8175/harshal-patel,playing_11,8175
Mohammed siraj,https://www.cricbuzz.com/profiles/10808/mohammed-siraj,playing_11,10808
Shahbaz ahmed,https://www.cricbuzz.com/profiles/14606/shahbaz-ahmed,playing_11,14606
Yuzvendra chahal,https://www.cricbuzz.com/profiles/7910/yuzvendra-chahal,playing_11,7910
Nathan coulter nile,https://www.cricbuzz.com/profiles/7774/nathan-coulter-nile,bench,7774
Piyush chawla,https://www.cricbuzz.com/profiles/466/piyush-chawla,bench,466
Dhawal kulkarni,https://www.cricbuzz.com/profiles/1451/dhawal-kulkarni,bench,1451
Saurabh tiwary,https://www.cricbuzz.com/profiles/1601/saurabh-tiwary,bench,1601
Aditya tare,https://www.cricbuzz.com/profiles/6315/aditya-tare,bench,6315
Adam milne,https://www.cricbuzz.com/profiles/7625/adam-milne,bench,7625
Jayant yadav,https://www.cricbuzz.com/profiles/8182/jayant-yadav,bench,8182
Anmolpreet singh,https://www.cricbuzz.com/profiles/10947/anmolpreet-singh,bench,10947
Quinton de kock,https://www.cricbuzz.com/profiles/8520/quinton-de-kock,bench,8520
Anukul roy,https://www.cricbuzz.com/profiles/12344/anukul-roy,bench,12344
Mohsin khan,https://www.cricbuzz.com/profiles/13534/mohsin-khan,bench,13534
Arjun tendulkar,https://www.cricbuzz.com/profiles/13747/arjun-tendulkar,bench,13747
Yudhvir singh charak,https://www.cricbuzz.com/profiles/15749/yudhvir-singh-charak,bench,15749
James neesham,https://www.cricbuzz.com/profiles/8983/james-neesham,bench,8983
Adam zampa,https://www.cricbuzz.com/profiles/8642/adam-zampa,bench,8642
Devdutt padikkal,https://www.cricbuzz.com/profiles/13088/devdutt-padikkal,bench,13088
Sachin baby,https://www.cricbuzz.com/profiles/8709/sachin-baby,bench,8709
Navdeep saini,https://www.cricbuzz.com/profiles/9715/navdeep-saini,bench,9715
Kane richardson,https://www.cricbuzz.com/profiles/6262/kane-richardson,bench,6262
Srikar bharat,https://www.cricbuzz.com/profiles/9025/srikar-bharat,bench,9025
Pavan deshpande,https://www.cricbuzz.com/profiles/10364/pavan-deshpande,bench,10364
Finn allen,https://www.cricbuzz.com/profiles/11172/finn-allen,bench,11172
Suyash prabhudessai,https://www.cricbuzz.com/profiles/12669/suyash-prabhudessai,bench,12669
Mohammed azharuddeen,https://www.cricbuzz.com/profiles/10809/mohammed-azharuddeen,bench,10809
Ruturaj gaikwad,https://www.cricbuzz.com/profiles/11813/ruturaj-gaikwad,playing_11,11813
Faf du plessis,https://www.cricbuzz.com/profiles/7825/faf-du-plessis,playing_11,7825
Suresh raina,https://www.cricbuzz.com/profiles/413/suresh-raina,playing_11,413
Ambati rayudu,https://www.cricbuzz.com/profiles/6311/ambati-rayudu,playing_11,6311
Moeen ali,https://www.cricbuzz.com/profiles/6692/moeen-ali,playing_11,6692
Ms dhoni,https://www.cricbuzz.com/profiles/265/ms-dhoni,captain and wk,265
Ravindra jadeja,https://www.cricbuzz.com/profiles/587/ravindra-jadeja,playing_11,587
Sam curran,https://www.cricbuzz.com/profiles/10420/sam-curran,playing_11,10420
Dwayne bravo,https://www.cricbuzz.com/profiles/242/dwayne-bravo,playing_11,242
Shardul thakur,https://www.cricbuzz.com/profiles/8683/shardul-thakur,playing_11,8683
Deepak chahar,https://www.cricbuzz.com/profiles/7836/deepak-chahar,playing_11,7836
Shikhar dhawan,https://www.cricbuzz.com/profiles/1446/shikhar-dhawan,playing_11,1446
Prithvi shaw,https://www.cricbuzz.com/profiles/12094/prithvi-shaw,playing_11,12094
Ajinkya rahane,https://www.cricbuzz.com/profiles/1447/ajinkya-rahane,playing_11,1447
Rishabh pant,https://www.cricbuzz.com/profiles/10744/rishabh-pant,captain and wk,10744
Marcus stoinis,https://www.cricbuzz.com/profiles/8989/marcus-stoinis,playing_11,8989
Shimron hetmyer,https://www.cricbuzz.com/profiles/9789/shimron-hetmyer,playing_11,9789
Chris woakes,https://www.cricbuzz.com/profiles/6670/chris-woakes,playing_11,6670
Ravichandran ashwin,https://www.cricbuzz.com/profiles/1593/ravichandran-ashwin,playing_11,1593
Tom curran,https://www.cricbuzz.com/profiles/9522/tom-curran,playing_11,9522
Amit mishra,https://www.cricbuzz.com/profiles/1454/amit-mishra,playing_11,1454
Avesh khan,https://www.cricbuzz.com/profiles/9781/avesh-khan,playing_11,9781
Robin uthappa,https://www.cricbuzz.com/profiles/527/robin-uthappa,bench,527
Imran tahir,https://www.cricbuzz.com/profiles/6667/imran-tahir,bench,6667
Cheteshwar pujara,https://www.cricbuzz.com/profiles/1448/cheteshwar-pujara,bench,1448
Karn sharma,https://www.cricbuzz.com/profiles/1844/karn-sharma,bench,1844
Jason behrendorff,https://www.cricbuzz.com/profiles/7773/jason-behrendorff,bench,7773
Krishnappa gowtham,https://www.cricbuzz.com/profiles/8925/krishnappa-gowtham,bench,8925
Bhagath varma,https://www.cricbuzz.com/profiles/19253/bhagath-varma,bench,19253
Harishankar reddy,https://www.cricbuzz.com/profiles/13521/harishankar-reddy,bench,13521
Km asif,https://www.cricbuzz.com/profiles/13483/km-asif,bench,13483
N jagadeesan,https://www.cricbuzz.com/profiles/11675/n-jagadeesan,bench,11675
Hari nishanth,https://www.cricbuzz.com/profiles/11623/hari-nishanth,bench,11623
Ravisrinivasan sai kishore,https://www.cricbuzz.com/profiles/11595/ravisrinivasan-sai-kishore,bench,11595
Mitchell santner,https://www.cricbuzz.com/profiles/10100/mitchell-santner,bench,10100
Lungi ngidi,https://www.cricbuzz.com/profiles/9603/lungi-ngidi,bench,9603
Ishant sharma,https://www.cricbuzz.com/profiles/702/ishant-sharma,bench,702
Umesh yadav,https://www.cricbuzz.com/profiles/1858/umesh-yadav,bench,1858
Steven smith,https://www.cricbuzz.com/profiles/2250/steven-smith,bench,2250
Sam billings,https://www.cricbuzz.com/profiles/7990/sam-billings,bench,7990
Axar patel,https://www.cricbuzz.com/profiles/8808/axar-patel,bench,8808
Lukman meriwala,https://www.cricbuzz.com/profiles/9244/lukman-meriwala,bench,9244
Kagiso rabada,https://www.cricbuzz.com/profiles/9585/kagiso-rabada,bench,9585
Praveen dubey,https://www.cricbuzz.com/profiles/10484/praveen-dubey,bench,10484
Anrich nortje,https://www.cricbuzz.com/profiles/11427/anrich-nortje,bench,11427
Vishnu vinod,https://www.cricbuzz.com/profiles/11893/vishnu-vinod,bench,11893
Manimaran siddharth,https://www.cricbuzz.com/profiles/12930/manimaran-siddharth,bench,12930
Lalit yadav,https://www.cricbuzz.com/profiles/13252/lalit-yadav,bench,13252
Ripal patel,https://www.cricbuzz.com/profiles/15516/ripal-patel,bench,15516
David warner,https://www.cricbuzz.com/profiles/1739/david-warner,captain,1739
Jonny bairstow,https://www.cricbuzz.com/profiles/6507/jonny-bairstow,playing_11,6507
Wriddhiman saha,https://www.cricbuzz.com/profiles/1465/wriddhiman-saha,wicket_keeper,1465
Manish pandey,https://www.cricbuzz.com/profiles/1836/manish-pandey,playing_11,1836
Vijay shankar,https://www.cricbuzz.com/profiles/8204/vijay-shankar,playing_11,8204
Abdul samad,https://www.cricbuzz.com/profiles/14628/abdul-samad,playing_11,14628
Mohammad nabi,https://www.cricbuzz.com/profiles/3007/mohammad-nabi,playing_11,3007
Rashid khan,https://www.cricbuzz.com/profiles/10738/rashid-khan,playing_11,10738
Bhuvneshwar kumar,https://www.cricbuzz.com/profiles/1726/bhuvneshwar-kumar,playing_11,1726
T natarajan,https://www.cricbuzz.com/profiles/10225/t-natarajan,playing_11,10225
Sandeep sharma,https://www.cricbuzz.com/profiles/8356/sandeep-sharma,playing_11,8356
Shubman gill,https://www.cricbuzz.com/profiles/11808/shubman-gill,playing_11,11808
Rahul tripathi,https://www.cricbuzz.com/profiles/9012/rahul-tripathi,playing_11,9012
Nitish rana,https://www.cricbuzz.com/profiles/9204/nitish-rana,playing_11,9204
Eoin morgan,https://www.cricbuzz.com/profiles/624/eoin-morgan,captain,624
Dinesh karthik,https://www.cricbuzz.com/profiles/145/dinesh-karthik,wicket_keeper,145
Andre russell,https://www.cricbuzz.com/profiles/7736/andre-russell,playing_11,7736
Shakib al hasan,https://www.cricbuzz.com/profiles/544/shakib-al-hasan,playing_11,544
Pat cummins,https://www.cricbuzz.com/profiles/8095/pat-cummins,playing_11,8095
Harbhajan singh,https://www.cricbuzz.com/profiles/75/harbhajan-singh,playing_11,75
Prasidh krishna,https://www.cricbuzz.com/profiles/10551/prasidh-krishna,playing_11,10551
Varun chakaravarthy,https://www.cricbuzz.com/profiles/12926/varun-chakaravarthy,playing_11,12926
Kane williamson,https://www.cricbuzz.com/profiles/6326/kane-williamson,bench,6326
Shreevats goswami,https://www.cricbuzz.com/profiles/1807/shreevats-goswami,bench,1807
Siddarth kaul,https://www.cricbuzz.com/profiles/1828/siddarth-kaul,bench,1828
Kedar jadhav,https://www.cricbuzz.com/profiles/1851/kedar-jadhav,bench,1851
Jason roy,https://www.cricbuzz.com/profiles/6534/jason-roy,bench,6534
Shahbaz nadeem,https://www.cricbuzz.com/profiles/7906/shahbaz-nadeem,bench,7906
Jason holder,https://www.cricbuzz.com/profiles/8313/jason-holder,bench,8313
Virat singh,https://www.cricbuzz.com/profiles/10213/virat-singh,bench,10213
Basil thampi,https://www.cricbuzz.com/profiles/10267/basil-thampi,bench,10267
Jagadeesha suchith,https://www.cricbuzz.com/profiles/10357/jagadeesha-suchith,bench,10357
Khaleel ahmed,https://www.cricbuzz.com/profiles/10952/khaleel-ahmed,bench,10952
Mujeeb ur rahman,https://www.cricbuzz.com/profiles/12071/mujeeb-ur-rahman,bench,12071
Abhishek sharma,https://www.cricbuzz.com/profiles/12086/abhishek-sharma,bench,12086
Priyam garg,https://www.cricbuzz.com/profiles/12089/priyam-garg,bench,12089
Sunil narine,https://www.cricbuzz.com/profiles/2276/sunil-narine,bench,2276
Ben cutting,https://www.cricbuzz.com/profiles/8118/ben-cutting,bench,8118
Karun nair,https://www.cricbuzz.com/profiles/8257/karun-nair,bench,8257
Pawan negi,https://www.cricbuzz.com/profiles/8281/pawan-negi,bench,8281
Kuldeep yadav,https://www.cricbuzz.com/profiles/8292/kuldeep-yadav,bench,8292
Gurkeerat singh mann,https://www.cricbuzz.com/profiles/8298/gurkeerat-singh-mann,bench,8298
Sheldon jackson,https://www.cricbuzz.com/profiles/8846/sheldon-jackson,bench,8846
Sandeep warrier,https://www.cricbuzz.com/profiles/8944/sandeep-warrier,bench,8944
Tim seifert,https://www.cricbuzz.com/profiles/9443/tim-seifert,bench,9443
Lockie ferguson,https://www.cricbuzz.com/profiles/10692/lockie-ferguson,bench,10692
Rinku singh,https://www.cricbuzz.com/profiles/10896/rinku-singh,bench,10896
Venkatesh iyer,https://www.cricbuzz.com/profiles/10917/venkatesh-iyer,bench,10917
Kamlesh nagarkoti,https://www.cricbuzz.com/profiles/12092/kamlesh-nagarkoti,bench,12092
Shivam mavi,https://www.cricbuzz.com/profiles/12345/shivam-mavi,bench,12345
Vaibhav arora,https://www.cricbuzz.com/profiles/15861/vaibhav-arora,bench,15861
Manan vohra,https://www.cricbuzz.com/profiles/8358/manan-vohra,playing_11,8358
Ben stokes,https://www.cricbuzz.com/profiles/6557/ben-stokes,playing_11,6557
Sanju samson,https://www.cricbuzz.com/profiles/8271/sanju-samson,captain and wk,8271
Jos buttler,https://www.cricbuzz.com/profiles/2258/jos-buttler,playing_11,2258
Riyan parag,https://www.cricbuzz.com/profiles/12305/riyan-parag,playing_11,12305
Shivam dube,https://www.cricbuzz.com/profiles/11195/shivam-dube,playing_11,11195
Rahul tewatia,https://www.cricbuzz.com/profiles/9693/rahul-tewatia,playing_11,9693
Chris morris,https://www.cricbuzz.com/profiles/8333/chris-morris,playing_11,8333
Shreyas gopal,https://www.cricbuzz.com/profiles/9746/shreyas-gopal,playing_11,9746
Chetan sakariya,https://www.cricbuzz.com/profiles/13494/chetan-sakariya,playing_11,13494
Mustafizur rahman,https://www.cricbuzz.com/profiles/9863/mustafizur-rahman,playing_11,9863
Kl rahul,https://www.cricbuzz.com/profiles/8733/kl-rahul,captain and wk,8733
Mayank agarwal,https://www.cricbuzz.com/profiles/2195/mayank-agarwal,playing_11,2195
Chris gayle,https://www.cricbuzz.com/profiles/247/chris-gayle,playing_11,247
Nicholas pooran,https://www.cricbuzz.com/profiles/9406/nicholas-pooran,playing_11,9406
Deepak hooda,https://www.cricbuzz.com/profiles/9427/deepak-hooda,playing_11,9427
Shahrukh khan,https://www.cricbuzz.com/profiles/10226/shahrukh-khan,playing_11,10226
Jhye richardson,https://www.cricbuzz.com/profiles/10280/jhye-richardson,playing_11,10280
Murugan ashwin,https://www.cricbuzz.com/profiles/8796/murugan-ashwin,playing_11,8796
Riley meredith,https://www.cricbuzz.com/profiles/12226/riley-meredith,playing_11,12226
Mohammed shami,https://www.cricbuzz.com/profiles/7909/mohammed-shami,playing_11,7909
Arshdeep singh,https://www.cricbuzz.com/profiles/13217/arshdeep-singh,playing_11,13217
Liam livingstone,https://www.cricbuzz.com/profiles/10045/liam-livingstone,bench,10045
Jaydev unadkat,https://www.cricbuzz.com/profiles/6327/jaydev-unadkat,bench,6327
Kartik tyagi,https://www.cricbuzz.com/profiles/13136/kartik-tyagi,bench,13136
Andrew tye,https://www.cricbuzz.com/profiles/9617/andrew-tye,bench,9617
Jofra archer,https://www.cricbuzz.com/profiles/11540/jofra-archer,bench,11540
Mayank markande,https://www.cricbuzz.com/profiles/12627/mayank-markande,bench,12627
Anuj rawat,https://www.cricbuzz.com/profiles/13135/anuj-rawat,bench,13135
Kuldip yadav,https://www.cricbuzz.com/profiles/13537/kuldip-yadav,bench,13537
Yashasvi jaiswal,https://www.cricbuzz.com/profiles/13940/yashasvi-jaiswal,bench,13940
David miller,https://www.cricbuzz.com/profiles/6349/david-miller,bench,6349
Kc cariappa,https://www.cricbuzz.com/profiles/10353/kc-cariappa,bench,10353
Mahipal lomror,https://www.cricbuzz.com/profiles/10954/mahipal-lomror,bench,10954
Akash singh,https://www.cricbuzz.com/profiles/14696/akash-singh,bench,14696
Prabhsimran singh,https://www.cricbuzz.com/profiles/14254/prabhsimran-singh,bench,14254
Moises henriques,https://www.cricbuzz.com/profiles/1437/moises-henriques,bench,1437
Chris jordan,https://www.cricbuzz.com/profiles/6532/chris-jordan,bench,6532
Mandeep singh,https://www.cricbuzz.com/profiles/6319/mandeep-singh,bench,6319
Dawid malan,https://www.cricbuzz.com/profiles/6660/dawid-malan,bench,6660
Jalaj saxena,https://www.cricbuzz.com/profiles/8107/jalaj-saxena,bench,8107
Sarfaraz khan,https://www.cricbuzz.com/profiles/9429/sarfaraz-khan,bench,9429
Fabian allen,https://www.cricbuzz.com/profiles/9785/fabian-allen,bench,9785
Saurabh kumar,https://www.cricbuzz.com/profiles/10260/saurabh-kumar,bench,10260
Ishan porel,https://www.cricbuzz.com/profiles/11404/ishan-porel,bench,11404
Utkarsh singh,https://www.cricbuzz.com/profiles/12630/utkarsh-singh,bench,12630
Darshan nalkande,https://www.cricbuzz.com/profiles/12779/darshan-nalkande,bench,12779
Harpreet brar,https://www.cricbuzz.com/profiles/14452/harpreet-brar,bench,14452
Ravi bishnoi,https://www.cricbuzz.com/profiles/14659/ravi-bishnoi,bench,14659
Daniel sams,https://www.cricbuzz.com/profiles/13162/daniel-sams,bench,13162
Aniruddha joshi,https://www.cricbuzz.com/profiles/7716/aniruddha-joshi,bench,7716
Shams mulani,https://www.cricbuzz.com/profiles/13496/shams-mulani,bench,13496
Josh hazlewood,https://www.cricbuzz.com/profiles/6258/josh-hazlewood,playing_11,6258
Roosh kalaria,https://www.cricbuzz.com/profiles/8353/roosh-kalaria,bench,8353
Wanindu hasaranga,https://www.cricbuzz.com/profiles/10926/wanindu-hasaranga,playing_11,10926
Tim southee,https://www.cricbuzz.com/profiles/1057/tim-southee,bench,1057
Dushmantha chameera,https://www.cricbuzz.com/profiles/8393/dushmantha-chameera,bench,8393
George garton,https://www.cricbuzz.com/profiles/10924/george-garton,bench,10924
Tim david,https://www.cricbuzz.com/profiles/13169/tim-david,bench,13169
Akash deep,https://www.cricbuzz.com/profiles/14726/akash-deep,bench,14726
Aiden markram,https://www.cricbuzz.com/profiles/9582/aiden-markram,playing_11,9582
Adil rashid,https://www.cricbuzz.com/profiles/1742/adil-rashid,playing_11,1742
Evin lewis,https://www.cricbuzz.com/profiles/8579/evin-lewis,playing_11,8579
Nathan ellis,https://www.cricbuzz.com/profiles/15480/nathan-ellis,bench,15480
Tabraiz shamsi,https://www.cricbuzz.com/profiles/10173/tabraiz-shamsi,bench,10173
Glenn phillips,https://www.cricbuzz.com/profiles/10693/glenn-phillips,bench,10693
Oshane thomas,https://www.cricbuzz.com/profiles/11442/oshane-thomas,bench,11442
Shreyas iyer,https://www.cricbuzz.com/profiles/9428/shreyas-iyer,playing_11,9428
Ben dwarshuis,https://www.cricbuzz.com/profiles/9739/ben-dwarshuis,bench,9739
Kulwant khejroliya,https://www.cricbuzz.com/profiles/12643/kulwant-khejroliya,bench,12643
Sherfane rutherford,https://www.cricbuzz.com/profiles/13748/sherfane-rutherford,bench,13748
Gerald coetzee,https://www.cricbuzz.com/profiles/13320/gerald-coetzee,bench,13320
Umran malik,https://www.cricbuzz.com/profiles/19027/umran-malik,bench,19027
Dominic drakes,https://www.cricbuzz.com/profiles/13750/dominic-drakes,bench,13750
Devon conway,https://www.cricbuzz.com/profiles/9838/devon-conway,playing_11,9838
Tushar deshpande,https://www.cricbuzz.com/profiles/11307/tushar-deshpande,playing_11,11307
Rajvardhan hangargekar,https://www.cricbuzz.com/profiles/14599/rajvardhan-hangargekar,bench,14599
Maheesh theekshana,https://www.cricbuzz.com/profiles/18504/maheesh-theekshana,bench,18504
Subhranshu senapati,https://www.cricbuzz.com/profiles/11804/subhranshu-senapati,bench,11804
Prashant solanki,https://www.cricbuzz.com/profiles/12805/prashant-solanki,bench,12805
Mukesh choudhary,https://www.cricbuzz.com/profiles/13184/mukesh-choudhary,bench,13184
Simarjeet singh,https://www.cricbuzz.com/profiles/14163/simarjeet-singh,bench,14163
Chamika karunaratne,https://www.cricbuzz.com/profiles/9500/chamika-karunaratne,bench,9500
Rasikh salam,https://www.cricbuzz.com/profiles/14274/rasikh-salam,bench,14274
Baba indrajith,https://www.cricbuzz.com/profiles/9624/baba-indrajith,bench,9624
Pratham singh,https://www.cricbuzz.com/profiles/12640/pratham-singh,bench,12640
Abhijeet tomar,https://www.cricbuzz.com/profiles/12813/abhijeet-tomar,bench,12813
Aman hakim khan,https://www.cricbuzz.com/profiles/19473/aman-hakim-khan,bench,19473
Ashok sharma,https://www.cricbuzz.com/profiles/24261/ashok-sharma,bench,24261
Ramesh kumar,https://www.cricbuzz.com/profiles/24281/ramesh-kumar,bench,24281
Rovman powell,https://www.cricbuzz.com/profiles/11445/rovman-powell,playing_11,11445
Tilak varma,https://www.cricbuzz.com/profiles/14504/tilak-varma,playing_11,14504
Tymal mills,https://www.cricbuzz.com/profiles/7860/tymal-mills,playing_11,7860
Ashwin hebbar,https://www.cricbuzz.com/profiles/10254/ashwin-hebbar,bench,10254
Yash dhull,https://www.cricbuzz.com/profiles/22556/yash-dhull,bench,22556
Vicky ostwal,https://www.cricbuzz.com/profiles/22616/vicky-ostwal,bench,22616
Aryan juyal,https://www.cricbuzz.com/profiles/13388/aryan-juyal,bench,13388
Dewald brevis,https://www.cricbuzz.com/profiles/20538/dewald-brevis,bench,20538
Sanjay yadav,https://www.cricbuzz.com/profiles/11631/sanjay-yadav,bench,11631
Ramandeep singh,https://www.cricbuzz.com/profiles/12337/ramandeep-singh,bench,12337
Hrithik shokeen,https://www.cricbuzz.com/profiles/14595/hrithik-shokeen,bench,14595
Rahul buddhi,https://www.cricbuzz.com/profiles/16584/rahul-buddhi,bench,16584
Arshad khan,https://www.cricbuzz.com/profiles/18637/arshad-khan,bench,18637
Bhanuka rajapaksa,https://www.cricbuzz.com/profiles/7869/bhanuka-rajapaksa,wicket_keeper,7869
Odean smith,https://www.cricbuzz.com/profiles/11215/odean-smith,playing_11,11215
Raj bawa,https://www.cricbuzz.com/profiles/22601/raj-bawa,playing_11,22601
David willey,https://www.cricbuzz.com/profiles/6592/david-willey,playing_11,6592
Rishi dhawan,https://www.cricbuzz.com/profiles/8616/rishi-dhawan,bench,8616
Benny howell,https://www.cricbuzz.com/profiles/6641/benny-howell,bench,6641
Baltej singh,https://www.cricbuzz.com/profiles/8962/baltej-singh,bench,8962
Writtick chatterjee,https://www.cricbuzz.com/profiles/9717/writtick-chatterjee,bench,9717
Jitesh sharma,https://www.cricbuzz.com/profiles/10214/jitesh-sharma,bench,10214
Prerak mankad,https://www.cricbuzz.com/profiles/11054/prerak-mankad,bench,11054
Atharva taide,https://www.cricbuzz.com/profiles/13914/atharva-taide,bench,13914
Ansh patel,https://www.cricbuzz.com/profiles/19262/ansh-patel,bench,19262
Luvnith sisodia,https://www.cricbuzz.com/profiles/13972/luvnith-sisodia,bench,13972
Chama v milind,https://www.cricbuzz.com/profiles/9281/chama-v-milind,bench,9281
Aneeshwar gautam,https://www.cricbuzz.com/profiles/22586/aneeshwar-gautam,bench,22586
Matthew wade,https://www.cricbuzz.com/profiles/1649/matthew-wade,wicket_keeper,1649
Abhinav manohar,https://www.cricbuzz.com/profiles/10499/abhinav-manohar,playing_11,10499
Varun aaron,https://www.cricbuzz.com/profiles/6293/varun-aaron,playing_11,6293
Ayush badoni,https://www.cricbuzz.com/profiles/13907/ayush-badoni,playing_11,13907
Pradeep sangwan,https://www.cricbuzz.com/profiles/1472/pradeep-sangwan,bench,1472
Rahmanullah gurbaz,https://www.cricbuzz.com/profiles/13213/rahmanullah-gurbaz,bench,13213
Sai sudharsan,https://www.cricbuzz.com/profiles/13866/sai-sudharsan,bench,13866
Yash dayal,https://www.cricbuzz.com/profiles/14172/yash-dayal,bench,14172
Noor ahmad,https://www.cricbuzz.com/profiles/15452/noor-ahmad,bench,15452
Ankit rajpoot,https://www.cricbuzz.com/profiles/8924/ankit-rajpoot,bench,8924
Karan sharma,https://www.cricbuzz.com/profiles/18738/karan-sharma,bench,18738
Mayank yadav,https://www.cricbuzz.com/profiles/22401/mayank-yadav,bench,22401
Romario shepherd,https://www.cricbuzz.com/profiles/13646/romario-shepherd,playing_11,13646
Ravikumar samarth,https://www.cricbuzz.com/profiles/9688/ravikumar-samarth,bench,9688
Shashank singh,https://www.cricbuzz.com/profiles/10919/shashank-singh,bench,10919
Fazalhaq farooqi,https://www.cricbuzz.com/profiles/14282/fazalhaq-farooqi,bench,14282
Saurabh dubey,https://www.cricbuzz.com/profiles/15766/saurabh-dubey,bench,15766
Rassie van der dussen,https://www.cricbuzz.com/profiles/9554/rassie-van-der-dussen,bench,9554
Daryl mitchell,https://www.cricbuzz.com/profiles/10713/daryl-mitchell,bench,10713
Obed mccoy,https://www.cricbuzz.com/profiles/11221/obed-mccoy,bench,11221
Tejas baroka,https://www.cricbuzz.com/profiles/12639/tejas-baroka,bench,12639
Anunay singh,https://www.cricbuzz.com/profiles/14049/anunay-singh,bench,14049
Kuldeep sen,https://www.cricbuzz.com/profiles/14336/kuldeep-sen,bench,14336
Dhruv jurel,https://www.cricbuzz.com/profiles/14691/dhruv-jurel,bench,14691
Shubham garhwal,https://www.cricbuzz.com/profiles/22471/shubham-garhwal,bench,22471
Dwaine pretorius,https://www.cricbuzz.com/profiles/8651/dwaine-pretorius,playing_11,8651
Alzarri joseph,https://www.cricbuzz.com/profiles/11220/alzarri-joseph,bench,11220
Kyle mayers,https://www.cricbuzz.com/profiles/8440/kyle-mayers,bench,8440
Mitchell marsh,https://www.cricbuzz.com/profiles/6250/mitchell-marsh,bench,6250
Aaron finch,https://www.cricbuzz.com/profiles/1643/aaron-finch,bench,1643
Sean abbott,https://www.cricbuzz.com/profiles/8136/sean-abbott,bench,8136
Harshit rana,https://www.cricbuzz.com/profiles/24729/harshit-rana,bench,24729
Matheesha pathirana,https://www.cricbuzz.com/profiles/16458/matheesha-pathirana,bench,16458
Kumar kartikeya,https://www.cricbuzz.com/profiles/14190/kumar-kartikeya,playing_11,14190
Tristan stubbs,https://www.cricbuzz.com/profiles/19243/tristan-stubbs,bench,19243
Sushant mishra,https://www.cricbuzz.com/profiles/14706/sushant-mishra,bench,14706
Akash madhwal,https://www.cricbuzz.com/profiles/15727/akash-madhwal,bench,15727
Corbin bosch,https://www.cricbuzz.com/profiles/9576/corbin-bosch,bench,9576
Joshua little,https://www.cricbuzz.com/profiles/11128/joshua-little,playing_11,11128
Mohit sharma,https://www.cricbuzz.com/profiles/8181/mohit-sharma,bench,8181
Urvil patel,https://www.cricbuzz.com/profiles/13476/urvil-patel,bench,13476
Shaik rasheed,https://www.cricbuzz.com/profiles/22571/shaik-rasheed,bench,22571
Nishant sindhu,https://www.cricbuzz.com/profiles/22576/nishant-sindhu,bench,22576
Ajay jadav mandal,https://www.cricbuzz.com/profiles/11777/ajay-jadav-mandal,bench,11777
Ashish nehra,https://www.cricbuzz.com/profiles/269/ashish-nehra,support_staff,269
Gary kirsten,https://www.cricbuzz.com/profiles/4601/gary-kirsten,support_staff,4601
Aashish kapoor,https://www.cricbuzz.com/profiles/3905/aashish-kapoor,support_staff,3905
Stephen fleming,https://www.cricbuzz.com/profiles/49/stephen-fleming,support_staff,49
Michael hussey,https://www.cricbuzz.com/profiles/4772/michael-hussey,support_staff,4772
Rajiv kumar,https://www.cricbuzz.com/profiles/42611/rajiv-kumar,support_staff,42611
Sikandar raza,https://www.cricbuzz.com/profiles/9354/sikandar-raza,playing_11,9354
Matthew short,https://www.cricbuzz.com/profiles/9456/matthew-short,bench,9456
Harpreet singh bhatia,https://www.cricbuzz.com/profiles/6322/harpreet-singh-bhatia,bench,6322
Vidhwath kaverappa,https://www.cricbuzz.com/profiles/13977/vidhwath-kaverappa,bench,13977
Mohit rathee,https://www.cricbuzz.com/profiles/36524/mohit-rathee,bench,36524
Shivam singh,https://www.cricbuzz.com/profiles/41295/shivam-singh,bench,41295
David wiese,https://www.cricbuzz.com/profiles/8589/david-wiese,bench,8589
Suyash sharma,https://www.cricbuzz.com/profiles/36487/suyash-sharma,bench,36487
Trevor bayliss,https://www.cricbuzz.com/profiles/42614/trevor-bayliss,support_staff,42614
Brad haddin,https://www.cricbuzz.com/profiles/159/brad-haddin,support_staff,159
Wasim jaffer,https://www.cricbuzz.com/profiles/499/wasim-jaffer,support_staff,499
Charl langeveldt,https://www.cricbuzz.com/profiles/215/charl-langeveldt,support_staff,215
Chandrakant pandit,https://www.cricbuzz.com/profiles/3870/chandrakant-pandit,support_staff,3870
James foster,https://www.cricbuzz.com/profiles/1914/james-foster,support_staff,1914
Bharat arun,https://www.cricbuzz.com/profiles/3873/bharat-arun,support_staff,3873
Abhishek nayar,https://www.cricbuzz.com/profiles/1463/abhishek-nayar,support_staff,1463
David hussey,https://www.cricbuzz.com/profiles/562/david-hussey,support_staff,562
Ryan ten doeschate,https://www.cricbuzz.com/profiles/640/ryan-ten-doeschate,support_staff,640
Omkar salvi,https://www.cricbuzz.com/profiles/42618/omkar-salvi,support_staff,42618
Chris donaldson,https://www.cricbuzz.com/profiles/42625/chris-donaldson,support_staff,42625
Mark wood,https://www.cricbuzz.com/profiles/8383/mark-wood,playing_11,8383
Rilee rossouw,https://www.cricbuzz.com/profiles/2244/rilee-rossouw,playing_11,2244
Mukesh kumar,https://www.cricbuzz.com/profiles/10754/mukesh-kumar,playing_11,10754
Swapnil singh,https://www.cricbuzz.com/profiles/10238/swapnil-singh,bench,10238
Naveen ul haq,https://www.cricbuzz.com/profiles/11289/naveen-ul-haq,bench,11289
Yash thakur,https://www.cricbuzz.com/profiles/12096/yash-thakur,bench,12096
Philip salt,https://www.cricbuzz.com/profiles/10479/philip-salt,bench,10479
Abishek porel,https://www.cricbuzz.com/profiles/24326/abishek-porel,bench,24326
Gautam gambhir,https://www.cricbuzz.com/profiles/308/gautam-gambhir,support_staff,308
Morne morkel,https://www.cricbuzz.com/profiles/608/morne-morkel,support_staff,608
Andy flower,https://www.cricbuzz.com/profiles/3406/andy-flower,support_staff,3406
Vijay dahiya,https://www.cricbuzz.com/profiles/3945/vijay-dahiya,support_staff,3945
Jonty rhodes,https://www.cricbuzz.com/profiles/4594/jonty-rhodes,support_staff,4594
Ricky ponting,https://www.cricbuzz.com/profiles/38/ricky-ponting,support_staff,38
Ajit agarkar,https://www.cricbuzz.com/profiles/146/ajit-agarkar,support_staff,146
Biju george,https://www.cricbuzz.com/profiles/42628/biju-george,support_staff,42628
James hopes,https://www.cricbuzz.com/profiles/364/james-hopes,support_staff,364
Shane watson,https://www.cricbuzz.com/profiles/158/shane-watson,support_staff,158
Pravin amre,https://www.cricbuzz.com/profiles/3895/pravin-amre,support_staff,3895
Harry brook,https://www.cricbuzz.com/profiles/12201/harry-brook,playing_11,12201
Vivrant sharma,https://www.cricbuzz.com/profiles/19302/vivrant-sharma,bench,19302
Mayank dagar,https://www.cricbuzz.com/profiles/10953/mayank-dagar,bench,10953
Upendra yadav,https://www.cricbuzz.com/profiles/11965/upendra-yadav,bench,11965
Akeal hosein,https://www.cricbuzz.com/profiles/8435/akeal-hosein,bench,8435
Samarth vyas,https://www.cricbuzz.com/profiles/10839/samarth-vyas,bench,10839
Sanvir singh,https://www.cricbuzz.com/profiles/13509/sanvir-singh,bench,13509
Nitish reddy,https://www.cricbuzz.com/profiles/14701/nitish-reddy,bench,14701
Donavon ferreira,https://www.cricbuzz.com/profiles/14798/donavon-ferreira,bench,14798
Kunal singh rathore,https://www.cricbuzz.com/profiles/32854/kunal-singh-rathore,bench,32854
Abdul basith,https://www.cricbuzz.com/profiles/22466/abdul-basith,bench,22466
Akash vasisht,https://www.cricbuzz.com/profiles/10266/akash-vasisht,bench,10266
Joe root,https://www.cricbuzz.com/profiles/8019/joe-root,bench,8019
Brian lara,https://www.cricbuzz.com/profiles/240/brian-lara,support_staff,240
Hemang badani,https://www.cricbuzz.com/profiles/3943/hemang-badani,support_staff,3943
Simon helmot,https://www.cricbuzz.com/profiles/42632/simon-helmot,support_staff,42632
Muttiah muralitharan,https://www.cricbuzz.com/profiles/110/muttiah-muralitharan,support_staff,110
Ryan cook,https://www.cricbuzz.com/profiles/42646/ryan-cook,support_staff,42646
Dale steyn,https://www.cricbuzz.com/profiles/508/dale-steyn,support_staff,508
Trevor penney,https://www.cricbuzz.com/profiles/42649/trevor-penney,support_staff,42649
Kumar sangakkara,https://www.cricbuzz.com/profiles/104/kumar-sangakkara,support_staff,104
Lasith malinga,https://www.cricbuzz.com/profiles/111/lasith-malinga,support_staff,111
Dishant yagnik,https://www.cricbuzz.com/profiles/7845/dishant-yagnik,support_staff,7845
Siddhartha lahiri,https://www.cricbuzz.com/profiles/42656/siddhartha-lahiri,support_staff,42656
Michael bracewell,https://www.cricbuzz.com/profiles/9551/michael-bracewell,playing_11,9551
Reece topley,https://www.cricbuzz.com/profiles/8349/reece-topley,playing_11,8349
Cameron green,https://www.cricbuzz.com/profiles/12225/cameron-green,playing_11,12225
Nehal wadhera,https://www.cricbuzz.com/profiles/13915/nehal-wadhera,playing_11,13915
Manoj bhandage,https://www.cricbuzz.com/profiles/13962/manoj-bhandage,bench,13962
Sonu yadav,https://www.cricbuzz.com/profiles/11641/sonu-yadav,bench,11641
Rajan kumar,https://www.cricbuzz.com/profiles/32786/rajan-kumar,bench,32786
Avinash singh,https://www.cricbuzz.com/profiles/36475/avinash-singh,bench,36475
Himanshu sharma,https://www.cricbuzz.com/profiles/36482/himanshu-sharma,bench,36482
Duan jansen,https://www.cricbuzz.com/profiles/18523/duan-jansen,bench,18523
Raghav goyal,https://www.cricbuzz.com/profiles/36496/raghav-goyal,bench,36496
Sanjay bangar,https://www.cricbuzz.com/profiles/1814/sanjay-bangar,support_staff,1814
Sridharan sriram,https://www.cricbuzz.com/profiles/3942/sridharan-sriram,support_staff,3942
Adam griffith,https://www.cricbuzz.com/profiles/42663/adam-griffith,support_staff,42663
Malolan rangarajan,https://www.cricbuzz.com/profiles/8899/malolan-rangarajan,support_staff,8899
Mike hesson,https://www.cricbuzz.com/profiles/42667/mike-hesson,support_staff,42667
Mark boucher,https://www.cricbuzz.com/profiles/208/mark-boucher,support_staff,208
Shane bond,https://www.cricbuzz.com/profiles/418/shane-bond,support_staff,418
James pamment,https://www.cricbuzz.com/profiles/42670/james-pamment,support_staff,42670
Sachin tendulkar,https://www.cricbuzz.com/profiles/25/sachin-tendulkar,support_staff,25
Zaheer khan,https://www.cricbuzz.com/profiles/71/zaheer-khan,support_staff,71
Mahela jayawardene,https://www.cricbuzz.com/profiles/101/mahela-jayawardene,support_staff,101
Jagadeesh arunkumar,https://www.cricbuzz.com/profiles/1805/jagadeesh-arunkumar,support_staff,1805
Sourav ganguly,https://www.cricbuzz.com/profiles/29/sourav-ganguly,support_staff,29
Gurnoor brar,https://www.cricbuzz.com/profiles/22141/gurnoor-brar,bench,22141
Heinrich klaasen,https://www.cricbuzz.com/profiles/10209/heinrich-klaasen,bench,10209
Sisanda magala,https://www.cricbuzz.com/profiles/10172/sisanda-magala,playing_11,10172
Wayne parnell,https://www.cricbuzz.com/profiles/1692/wayne-parnell,playing_11,1692
Dasun shanaka,https://www.cricbuzz.com/profiles/8422/dasun-shanaka,bench,8422
Litton das,https://www.cricbuzz.com/profiles/8540/litton-das,bench,8540
Vijaykumar vyshak,https://www.cricbuzz.com/profiles/10486/vijaykumar-vyshak,playing_11,10486
Aarya desai,https://www.cricbuzz.com/profiles/38132/aarya-desai,bench,38132
Arpit guleria,https://www.cricbuzz.com/profiles/14383/arpit-guleria,bench,14383
Vikram solanki,https://www.cricbuzz.com/profiles/166/vikram-solanki,support_staff,166
Mithun manhas,https://www.cricbuzz.com/profiles/597/mithun-manhas,support_staff,597
Johnson charles,https://www.cricbuzz.com/profiles/8101/johnson-charles,bench,8101
Suryansh shedge,https://www.cricbuzz.com/profiles/14922/suryansh-shedge,bench,14922
Rachin ravindra,https://www.cricbuzz.com/profiles/11177/rachin-ravindra,playing_11,11177
Sameer rizvi,https://www.cricbuzz.com/profiles/14700/sameer-rizvi,playing_11,14700
Aravelly avanish,https://www.cricbuzz.com/profiles/51767/aravelly-avanish,bench,51767
Will jacks,https://www.cricbuzz.com/profiles/12258/will-jacks,bench,12258
Saurav chauhan,https://www.cricbuzz.com/profiles/21686/saurav-chauhan,bench,21686
Eric simons,https://www.cricbuzz.com/profiles/5487/eric-simons,support_staff,5487
Shai hope,https://www.cricbuzz.com/profiles/10384/shai-hope,playing_11,10384
Ricky bhui,https://www.cricbuzz.com/profiles/9425/ricky-bhui,playing_11,9425
Sumit kumar,https://www.cricbuzz.com/profiles/14650/sumit-kumar,playing_11,14650
Tanay thyagarajan,https://www.cricbuzz.com/profiles/12335/tanay-thyagarajan,bench,12335
Ashutosh sharma,https://www.cricbuzz.com/profiles/13497/ashutosh-sharma,bench,13497
Prince choudhary,https://www.cricbuzz.com/profiles/53478/prince-choudhary,bench,53478
Vishwanath singh,https://www.cricbuzz.com/profiles/53496/vishwanath-singh,bench,53496
Jake fraser mcgurk,https://www.cricbuzz.com/profiles/14501/jake-fraser-mcgurk,bench,14501
Kumar kushagra,https://www.cricbuzz.com/profiles/15779/kumar-kushagra,bench,15779
Swastik chikara,https://www.cricbuzz.com/profiles/52418/swastik-chikara,bench,52418
Sunil joshi,https://www.cricbuzz.com/profiles/1808/sunil-joshi,support_staff,1808
Trevor gonsalves,https://www.cricbuzz.com/profiles/1423942/trevor-gonsalves,support_staff,1423942
Gnaneswara rao,https://www.cricbuzz.com/profiles/1888/gnaneswara-rao,support_staff,1888
Mitchell starc,https://www.cricbuzz.com/profiles/7710/mitchell-starc,playing_11,7710
Angkrish raghuvanshi,https://www.cricbuzz.com/profiles/22566/angkrish-raghuvanshi,bench,22566
Sakib hussain,https://www.cricbuzz.com/profiles/33129/sakib-hussain,bench,33129
Travis head,https://www.cricbuzz.com/profiles/8497/travis-head,bench,8497
Jhatavedh subramanyan,https://www.cricbuzz.com/profiles/12636/jhatavedh-subramanyan,bench,12636
Daniel vettori,https://www.cricbuzz.com/profiles/205/daniel-vettori,support_staff,205
Nandre burger,https://www.cricbuzz.com/profiles/13630/nandre-burger,bench,13630
Tanush kotian,https://www.cricbuzz.com/profiles/13216/tanush-kotian,bench,13216
Shubham dubey,https://www.cricbuzz.com/profiles/19328/shubham-dubey,bench,19328
Tom kohler cadmore,https://www.cricbuzz.com/profiles/10033/tom-kohler-cadmore,bench,10033
Abid mushtaq,https://www.cricbuzz.com/profiles/15528/abid-mushtaq,bench,15528
Shamar joseph,https://www.cricbuzz.com/profiles/50458/shamar-joseph,bench,50458
Ashton turner,https://www.cricbuzz.com/profiles/8506/ashton-turner,bench,8506
Arshin kulkarni,https://www.cricbuzz.com/profiles/51378/arshin-kulkarni,bench,51378
Justin langer,https://www.cricbuzz.com/profiles/281/justin-langer,support_staff,281
Lance klusener,https://www.cricbuzz.com/profiles/4606/lance-klusener,support_staff,4606
Pravin tambe,https://www.cricbuzz.com/profiles/9237/pravin-tambe,support_staff,9237
Azmatullah omarzai,https://www.cricbuzz.com/profiles/13214/azmatullah-omarzai,playing_11,13214
Spencer johnson,https://www.cricbuzz.com/profiles/13143/spencer-johnson,playing_11,13143
Naman dhir,https://www.cricbuzz.com/profiles/36139/naman-dhir,playing_11,36139
Luke wood,https://www.cricbuzz.com/profiles/9821/luke-wood,playing_11,9821
Sharath br,https://www.cricbuzz.com/profiles/10520/sharath-br,bench,10520
Manav suthar,https://www.cricbuzz.com/profiles/14596/manav-suthar,bench,14596
Shivalik sharma,https://www.cricbuzz.com/profiles/14408/shivalik-sharma,bench,14408
Anshul kamboj,https://www.cricbuzz.com/profiles/14598/anshul-kamboj,bench,14598
Nuwan thushara,https://www.cricbuzz.com/profiles/18509/nuwan-thushara,bench,18509
Kwena maphaka,https://www.cricbuzz.com/profiles/23346/kwena-maphaka,bench,23346
Narender negi,https://www.cricbuzz.com/profiles/1423951/narender-negi,support_staff,1423951
Naeem amin,https://www.cricbuzz.com/profiles/1423956/naeem-amin,support_staff,1423956
Allah ghazanfar,https://www.cricbuzz.com/profiles/36501/allah-ghazanfar,bench,36501
Neil mckenzie,https://www.cricbuzz.com/profiles/1062/neil-mckenzie,support_staff,1062
Matt henry,https://www.cricbuzz.com/profiles/9067/matt-henry,bench,9067
Keshav maharaj,https://www.cricbuzz.com/profiles/9720/keshav-maharaj,bench,9720
Vijayakanth viyaskanth,https://www.cricbuzz.com/profiles/13931/vijayakanth-viyaskanth,bench,13931
Harvik desai,https://www.cricbuzz.com/profiles/12088/harvik-desai,bench,12088
Lizaad williams,https://www.cricbuzz.com/profiles/8531/lizaad-williams,bench,8531
James franklin,https://www.cricbuzz.com/profiles/419/james-franklin,support_staff,419
Richard gleeson,https://www.cricbuzz.com/profiles/10477/richard-gleeson,bench,10477
Gulbadin naib,https://www.cricbuzz.com/profiles/8030/gulbadin-naib,bench,8030
Abhinandan singh,https://www.cricbuzz.com/profiles/1447073/abhinandan-singh,bench,1447073
Jacob bethell,https://www.cricbuzz.com/profiles/19636/jacob-bethell,bench,19636
Carl crowe,https://www.cricbuzz.com/profiles/1451668/carl-crowe,support_staff,1451668
Aniket verma,https://www.cricbuzz.com/profiles/1447065/aniket-verma,playing_11,1447065
Zeeshan ansari,https://www.cricbuzz.com/profiles/10946/zeeshan-ansari,bench,10946
Wiaan mulder,https://www.cricbuzz.com/profiles/11200/wiaan-mulder,bench,11200
Kamindu mendis,https://www.cricbuzz.com/profiles/10940/kamindu-mendis,bench,10940
Eshan malinga,https://www.cricbuzz.com/profiles/46926/eshan-malinga,bench,46926
Vaibhav suryavanshi,https://www.cricbuzz.com/profiles/51791/vaibhav-suryavanshi,bench,51791
Vikram rathour,https://www.cricbuzz.com/profiles/3909/vikram-rathour,support_staff,3909
Rahul dravid,https://www.cricbuzz.com/profiles/27/rahul-dravid,support_staff,27
Ryan rickelton,https://www.cricbuzz.com/profiles/13070/ryan-rickelton,wicket_keeper,13070
Robin minz,https://www.cricbuzz.com/profiles/36454/robin-minz,playing_11,36454
Satyanarayana raju,https://www.cricbuzz.com/profiles/1431171/satyanarayana-raju,playing_11,1431171
Jamie overton,https://www.cricbuzz.com/profiles/8512/jamie-overton,bench,8512
Gurjapneet singh,https://www.cricbuzz.com/profiles/19807/gurjapneet-singh,bench,19807
Ramakrishna ghosh,https://www.cricbuzz.com/profiles/32835/ramakrishna-ghosh,bench,32835
Andre siddarth c,https://www.cricbuzz.com/profiles/1427488/andre-siddarth-c,bench,1427488
Vansh bedi,https://www.cricbuzz.com/profiles/1429626/vansh-bedi,bench,1429626
Vignesh puthur,https://www.cricbuzz.com/profiles/1447337/vignesh-puthur,bench,1447337
Ashwani kumar,https://www.cricbuzz.com/profiles/11684/ashwani-kumar,bench,11684
Krishnan shrijith,https://www.cricbuzz.com/profiles/13082/krishnan-shrijith,bench,13082
Bevon jacobs,https://www.cricbuzz.com/profiles/52428/bevon-jacobs,bench,52428
Carl hopkinson,https://www.cricbuzz.com/profiles/50341/carl-hopkinson,support_staff,50341
Vipraj nigam,https://www.cricbuzz.com/profiles/1431811/vipraj-nigam,playing_11,1431811
Prince yadav,https://www.cricbuzz.com/profiles/54735/prince-yadav,playing_11,54735
Digvesh rathi,https://www.cricbuzz.com/profiles/1448289/digvesh-rathi,playing_11,1448289
Tripurana vijay,https://www.cricbuzz.com/profiles/22386/tripurana-vijay,bench,22386
Manvanth kumar l,https://www.cricbuzz.com/profiles/47742/manvanth-kumar-l,bench,47742
Madhav tiwari,https://www.cricbuzz.com/profiles/1447321/madhav-tiwari,bench,1447321
Himmat singh,https://www.cricbuzz.com/profiles/10223/himmat-singh,bench,10223
Matthew breetzke,https://www.cricbuzz.com/profiles/13089/matthew-breetzke,bench,13089
Yuvraj chaudhary,https://www.cricbuzz.com/profiles/14693/yuvraj-chaudhary,bench,14693
Kevin pietersen,https://www.cricbuzz.com/profiles/395/kevin-pietersen,support_staff,395
Munaf patel,https://www.cricbuzz.com/profiles/522/munaf-patel,support_staff,522
Anton roux,https://www.cricbuzz.com/profiles/46125/anton-roux,support_staff,46125
Priyansh arya,https://www.cricbuzz.com/profiles/14689/priyansh-arya,playing_11,14689
Karim janat,https://www.cricbuzz.com/profiles/11077/karim-janat,bench,11077
Josh inglis,https://www.cricbuzz.com/profiles/10637/josh-inglis,bench,10637
Xavier bartlett,https://www.cricbuzz.com/profiles/11689/xavier-bartlett,bench,11689
Aaron hardie,https://www.cricbuzz.com/profiles/13170/aaron-hardie,bench,13170
Harnoor singh,https://www.cricbuzz.com/profiles/22561/harnoor-singh,bench,22561
Musheer khan,https://www.cricbuzz.com/profiles/27424/musheer-khan,bench,27424
Pyla avinash,https://www.cricbuzz.com/profiles/32525/pyla-avinash,bench,32525
Parthiv patel,https://www.cricbuzz.com/profiles/74/parthiv-patel,support_staff,74
Yuvraj singh,https://www.cricbuzz.com/profiles/69/yuvraj-singh,playing_11,69
Naman ojha,https://www.cricbuzz.com/profiles/1599/naman-ojha,wicket_keeper,1599
Bipul sharma,https://www.cricbuzz.com/profiles/6296/bipul-sharma,playing_11,6296
Stuart binny,https://www.cricbuzz.com/profiles/1530/stuart-binny,playing_11,1530
Sreenath aravind,https://www.cricbuzz.com/profiles/1850/sreenath-aravind,playing_11,1850
Aniket choudhary,https://www.cricbuzz.com/profiles/8190/aniket-choudhary,playing_11,8190
Barinder sran,https://www.cricbuzz.com/profiles/9214/barinder-sran,bench,9214
Abhimanyu mithun,https://www.cricbuzz.com/profiles/1849/abhimanyu-mithun,bench,1849
Eklavya dwivedi,https://www.cricbuzz.com/profiles/7917/eklavya-dwivedi,bench,7917
Ben laughlin,https://www.cricbuzz.com/profiles/1842/ben-laughlin,bench,1842
Tanmay agarwal,https://www.cricbuzz.com/profiles/10258/tanmay-agarwal,bench,10258
Iqbal abdulla,https://www.cricbuzz.com/profiles/1830/iqbal-abdulla,bench,1830
Samuel badree,https://www.cricbuzz.com/profiles/1609/samuel-badree,bench,1609
Billy stanlake,https://www.cricbuzz.com/profiles/9572/billy-stanlake,bench,9572
Manoj tiwary,https://www.cricbuzz.com/profiles/694/manoj-tiwary,playing_11,694
Rajat bhatia,https://www.cricbuzz.com/profiles/1468/rajat-bhatia,playing_11,1468
Ashok dinda,https://www.cricbuzz.com/profiles/1467/ashok-dinda,playing_11,1467
Mitchell mcclenaghan,https://www.cricbuzz.com/profiles/7624/mitchell-mcclenaghan,playing_11,7624
Ankit sharma,https://www.cricbuzz.com/profiles/7810/ankit-sharma,bench,7810
Ankush bains,https://www.cricbuzz.com/profiles/9298/ankush-bains,bench,9298
Ishwar pandey,https://www.cricbuzz.com/profiles/8665/ishwar-pandey,bench,8665
Jaskaran singh,https://www.cricbuzz.com/profiles/10866/jaskaran-singh,bench,10866
Baba aparajith,https://www.cricbuzz.com/profiles/8198/baba-aparajith,bench,8198
Usman khawaja,https://www.cricbuzz.com/profiles/6635/usman-khawaja,bench,6635
Milind tandon,https://www.cricbuzz.com/profiles/11314/milind-tandon,bench,11314
Lendl simmons,https://www.cricbuzz.com/profiles/599/lendl-simmons,bench,599
Vinay kumar,https://www.cricbuzz.com/profiles/1449/vinay-kumar,bench,1449
Siddhesh lad,https://www.cricbuzz.com/profiles/9218/siddhesh-lad,bench,9218
Deepak punia,https://www.cricbuzz.com/profiles/10262/deepak-punia,bench,10262
Mitchell johnson,https://www.cricbuzz.com/profiles/496/mitchell-johnson,bench,496
Brendon mccullum,https://www.cricbuzz.com/profiles/201/brendon-mccullum,playing_11,201
Dwayne smith,https://www.cricbuzz.com/profiles/255/dwayne-smith,playing_11,255
Manpreet gony,https://www.cricbuzz.com/profiles/1358/manpreet-gony,playing_11,1358
Praveen kumar,https://www.cricbuzz.com/profiles/592/praveen-kumar,playing_11,592
Shadab jakati,https://www.cricbuzz.com/profiles/1812/shadab-jakati,playing_11,1812
Shivil koushik,https://www.cricbuzz.com/profiles/10529/shivil-koushik,playing_11,10529
Yusuf pathan,https://www.cricbuzz.com/profiles/790/yusuf-pathan,playing_11,790
James faulkner,https://www.cricbuzz.com/profiles/7789/james-faulkner,bench,7789
Nathu singh,https://www.cricbuzz.com/profiles/10647/nathu-singh,bench,10647
Jaydev shah,https://www.cricbuzz.com/profiles/1466/jaydev-shah,bench,1466
Chirag suri,https://www.cricbuzz.com/profiles/9829/chirag-suri,bench,9829
Akshdeep nath,https://www.cricbuzz.com/profiles/8351/akshdeep-nath,bench,8351
Shubham agarwal,https://www.cricbuzz.com/profiles/12322/shubham-agarwal,bench,12322
Shelley shaurya,https://www.cricbuzz.com/profiles/12641/shelley-shaurya,bench,12641
Darren bravo,https://www.cricbuzz.com/profiles/1610/darren-bravo,bench,1610
Ishank jaggi,https://www.cricbuzz.com/profiles/1855/ishank-jaggi,bench,1855
Sayan ghosh,https://www.cricbuzz.com/profiles/10786/sayan-ghosh,bench,10786
Ramsingh sanjay yadav,https://www.cricbuzz.com/profiles/12642/ramsingh-sanjay-yadav,bench,12642
Colin de grandhomme,https://www.cricbuzz.com/profiles/8081/colin-de-grandhomme,bench,8081
Hashim amla,https://www.cricbuzz.com/profiles/314/hashim-amla,playing_11,314
Anureet singh,https://www.cricbuzz.com/profiles/1876/anureet-singh,bench,1876
Shaun marsh,https://www.cricbuzz.com/profiles/563/shaun-marsh,bench,563
Nikhil naik,https://www.cricbuzz.com/profiles/9295/nikhil-naik,bench,9295
Armaan jaffer,https://www.cricbuzz.com/profiles/11004/armaan-jaffer,bench,11004
Pardeep sahu,https://www.cricbuzz.com/profiles/10358/pardeep-sahu,bench,10358
Daren sammy,https://www.cricbuzz.com/profiles/253/daren-sammy,bench,253
Martin guptill,https://www.cricbuzz.com/profiles/1457/martin-guptill,bench,1457
Carlos brathwaite,https://www.cricbuzz.com/profiles/8110/carlos-brathwaite,playing_11,8110
Corey anderson,https://www.cricbuzz.com/profiles/8982/corey-anderson,bench,8982
Ankit bawne,https://www.cricbuzz.com/profiles/8617/ankit-bawne,bench,8617
Pratyush singh,https://www.cricbuzz.com/profiles/10354/pratyush-singh,bench,10354
Asela gunaratne,https://www.cricbuzz.com/profiles/10154/asela-gunaratne,bench,10154
Ben hilfenhaus,https://www.cricbuzz.com/profiles/561/ben-hilfenhaus,bench,561
Angelo mathews,https://www.cricbuzz.com/profiles/1629/angelo-mathews,bench,1629
Ankit soni,https://www.cricbuzz.com/profiles/12753/ankit-soni,playing_11,12753
Irfan pathan,https://www.cricbuzz.com/profiles/73/irfan-pathan,bench,73
Marlon samuels,https://www.cricbuzz.com/profiles/356/marlon-samuels,bench,356
Akila dananjaya,https://www.cricbuzz.com/profiles/8483/akila-dananjaya,bench,8483
Tajinder dhillon,https://www.cricbuzz.com/profiles/12332/tajinder-dhillon,bench,12332
Jean paul duminy,https://www.cricbuzz.com/profiles/211/jean-paul-duminy,bench,211
Sharad lumba,https://www.cricbuzz.com/profiles/12316/sharad-lumba,bench,12316
M nidheesh,https://www.cricbuzz.com/profiles/10315/m-nidheesh,bench,10315
Kanishk seth,https://www.cricbuzz.com/profiles/10955/kanishk-seth,bench,10955
Dhruv shorey,https://www.cricbuzz.com/profiles/9205/dhruv-shorey,bench,9205
Murali vijay,https://www.cricbuzz.com/profiles/1597/murali-vijay,bench,1597
Kshitiz sharma,https://www.cricbuzz.com/profiles/10372/kshitiz-sharma,bench,10372
Monu kumar,https://www.cricbuzz.com/profiles/9783/monu-kumar,bench,9783
Chaitanya bishnoi,https://www.cricbuzz.com/profiles/10672/chaitanya-bishnoi,bench,10672
Colin munro,https://www.cricbuzz.com/profiles/8085/colin-munro,playing_11,8085
Manzoor dar,https://www.cricbuzz.com/profiles/13549/manzoor-dar,bench,13549
Manjot kalra,https://www.cricbuzz.com/profiles/12566/manjot-kalra,bench,12566
Sandeep lamichhane,https://www.cricbuzz.com/profiles/11158/sandeep-lamichhane,bench,11158
Liam plunkett,https://www.cricbuzz.com/profiles/479/liam-plunkett,bench,479
Apoorv wankhade,https://www.cricbuzz.com/profiles/8273/apoorv-wankhade,bench,8273
Cameron delport,https://www.cricbuzz.com/profiles/9719/cameron-delport,bench,9719
Javon searles,https://www.cricbuzz.com/profiles/10069/javon-searles,bench,10069
D arcy short,https://www.cricbuzz.com/profiles/11050/d-arcy-short,playing_11,11050
Alex hales,https://www.cricbuzz.com/profiles/6734/alex-hales,bench,6734
Mehdi hassan,https://www.cricbuzz.com/profiles/8995/mehdi-hassan,bench,8995
Zahir khan,https://www.cricbuzz.com/profiles/10828/zahir-khan,bench,10828
Prashant chopra,https://www.cricbuzz.com/profiles/8425/prashant-chopra,bench,8425
Sudhesan midhun,https://www.cricbuzz.com/profiles/13520/sudhesan-midhun,bench,13520
Aryaman birla,https://www.cricbuzz.com/profiles/13263/aryaman-birla,bench,13263
Jatin saxena,https://www.cricbuzz.com/profiles/9291/jatin-saxena,bench,9291
Ish sodhi,https://www.cricbuzz.com/profiles/8561/ish-sodhi,bench,8561
Junior dala,https://www.cricbuzz.com/profiles/10175/junior-dala,bench,10175
Milind kumar,https://www.cricbuzz.com/profiles/8773/milind-kumar,bench,8773
Prayas barman,https://www.cricbuzz.com/profiles/14168/prayas-barman,bench,14168
Joe denly,https://www.cricbuzz.com/profiles/1995/joe-denly,bench,1995
Shrikant mundhe,https://www.cricbuzz.com/profiles/6375/shrikant-mundhe,bench,6375
Harry gurney,https://www.cricbuzz.com/profiles/6496/harry-gurney,bench,6496
Prithvi raj yarra,https://www.cricbuzz.com/profiles/13113/prithvi-raj-yarra,bench,13113
Colin ingram,https://www.cricbuzz.com/profiles/7664/colin-ingram,playing_11,7664
Keemo paul,https://www.cricbuzz.com/profiles/11214/keemo-paul,playing_11,11214
Pankaj jaiswal,https://www.cricbuzz.com/profiles/9507/pankaj-jaiswal,bench,9507
Hanuma vihari,https://www.cricbuzz.com/profiles/8424/hanuma-vihari,bench,8424
Bandaru ayyappa,https://www.cricbuzz.com/profiles/8755/bandaru-ayyappa,bench,8755
Shubham ranjane,https://www.cricbuzz.com/profiles/11315/shubham-ranjane,bench,11315
Hardus viljoen,https://www.cricbuzz.com/profiles/9493/hardus-viljoen,bench,9493
Agnivesh ayachi,https://www.cricbuzz.com/profiles/12644/agnivesh-ayachi,bench,12644
Scott kuggeleijn,https://www.cricbuzz.com/profiles/9511/scott-kuggeleijn,bench,9511
Matthew kelly,https://www.cricbuzz.com/profiles/9451/matthew-kelly,bench,9451
Beuran hendricks,https://www.cricbuzz.com/profiles/9490/beuran-hendricks,bench,9490
James pattinson,https://www.cricbuzz.com/profiles/2283/james-pattinson,playing_11,2283
Digvijay deshmukh,https://www.cricbuzz.com/profiles/15747/digvijay-deshmukh,bench,15747
Prince balwant rai,https://www.cricbuzz.com/profiles/16001/prince-balwant-rai,bench,16001
Sheldon cottrell,https://www.cricbuzz.com/profiles/9395/sheldon-cottrell,playing_11,9395
Alex carey,https://www.cricbuzz.com/profiles/9200/alex-carey,bench,9200
Josh philippe,https://www.cricbuzz.com/profiles/13172/josh-philippe,wicket_keeper,13172
Bavanaka sandeep,https://www.cricbuzz.com/profiles/8696/bavanaka-sandeep,bench,8696
Isuru udana,https://www.cricbuzz.com/profiles/1920/isuru-udana,bench,1920
Chris green,https://www.cricbuzz.com/profiles/10162/chris-green,bench,10162
Ali khan,https://www.cricbuzz.com/profiles/11450/ali-khan,bench,11450
Tom banton,https://www.cricbuzz.com/profiles/12254/tom-banton,bench,12254
